{
    "num_layers": 32,
    "num_devices": 16,
    "simulated_hardware": [
        "Rockchip RK3588 (IoT) (Node 0)",
        "Snapdragon 680 (IoT) (Node 1)",
        "Nvidia Tegra X1 (IoT) (Node 2)",
        "Snapdragon 8 Elite Gen 5 (Node 3)",
        "Snapdragon 680 (IoT) (Node 4)",
        "Rockchip RK3588 (IoT) (Node 5)",
        "Rockchip RK3588 (IoT) (Node 6)",
        "Rockchip RK3588 (IoT) (Node 7)",
        "Nvidia Tegra X1 (IoT) (Node 8)",
        "Nvidia Tegra X1 (IoT) (Node 9)",
        "Snapdragon 680 (IoT) (Node 10)",
        "Snapdragon 680 (IoT) (Node 11)",
        "Rockchip RK3588 (IoT) (Node 12)",
        "Rockchip RK3588 (IoT) (Node 13)",
        "Rockchip RK3588 (IoT) (Node 14)",
        "Nvidia Tegra X1 (IoT) (Node 15)"
    ],
    "computing_capacities": [
        0.014791076050782694,
        0.00585480093676815,
        0.0036977690126956736,
        1.0,
        0.00585480093676815,
        0.014791076050782694,
        0.014791076050782694,
        0.014791076050782694,
        0.0036977690126956736,
        0.0036977690126956736,
        0.00585480093676815,
        0.00585480093676815,
        0.014791076050782694,
        0.014791076050782694,
        0.014791076050782694,
        0.0036977690126956736
    ],
    "available_memory_mb": [
        2048.0,
        2048.0,
        2048.0,
        12288.0,
        2048.0,
        2048.0,
        2048.0,
        2048.0,
        2048.0,
        2048.0,
        2048.0,
        2048.0,
        2048.0,
        2048.0,
        2048.0,
        2048.0
    ],
    "node_bandwidths_mbps": [
        1.400048182210005,
        0.5967895215409694,
        0.2289743474231839,
        0.35444839433521763,
        0.7406601961905596,
        0.45217885138262537,
        0.22065172407561065,
        8.508196514423076,
        1.9976112530048078,
        1.400048182210005,
        6.134071772333921,
        0.1273455217686415,
        0.22677663730119527,
        0.22476244063313108,
        0.4447832491734,
        0.6129111452435146
    ],
    "baseline_fwd_ms": [
        12.0,
        10.0,
        10.0,
        10.0,
        10.0,
        10.0,
        10.0,
        10.0,
        10.0,
        10.0,
        10.0,
        10.0,
        10.0,
        10.0,
        10.0,
        10.0,
        10.0,
        10.0,
        10.0,
        10.0,
        10.0,
        10.0,
        10.0,
        10.0,
        10.0,
        10.0,
        10.0,
        10.0,
        10.0,
        10.0,
        10.0,
        12.0
    ],
    "weight_sizes_bytes": [
        28311552,
        28311552,
        28311552,
        28311552,
        28311552,
        28311552,
        28311552,
        28311552,
        28311552,
        28311552,
        28311552,
        28311552,
        28311552,
        28311552,
        28311552,
        28311552,
        28311552,
        28311552,
        28311552,
        28311552,
        28311552,
        28311552,
        28311552,
        28311552,
        28311552,
        28311552,
        28311552,
        28311552,
        28311552,
        28311552,
        28311552,
        28311552
    ],
    "activation_sizes_bytes": [
        393216,
        393216,
        393216,
        393216,
        393216,
        393216,
        393216,
        393216,
        393216,
        393216,
        393216,
        393216,
        393216,
        393216,
        393216,
        393216,
        393216,
        393216,
        393216,
        393216,
        393216,
        393216,
        393216,
        393216,
        393216,
        393216,
        393216,
        393216,
        393216,
        393216,
        393216,
        393216
    ],
    "global_batch_size": 128,
    "micro_batch_size": 8,
    "num_stages": 4
}