{
    "num_layers": 32,
    "num_devices": 16,
    "pp_size": 4,
    "dp_size": 4,
    "simulated_hardware": [
        "Rockchip RK3588 (IoT) (Node 0)",
        "Snapdragon 680 (IoT) (Node 1)",
        "Nvidia Tegra X1 (IoT) (Node 2)",
        "Snapdragon 8 Elite Gen 5 (Node 3)",
        "Snapdragon 680 (IoT) (Node 4)",
        "Rockchip RK3588 (IoT) (Node 5)",
        "Rockchip RK3588 (IoT) (Node 6)",
        "Rockchip RK3588 (IoT) (Node 7)",
        "Nvidia Tegra X1 (IoT) (Node 8)",
        "Nvidia Tegra X1 (IoT) (Node 9)",
        "Snapdragon 680 (IoT) (Node 10)",
        "Snapdragon 680 (IoT) (Node 11)",
        "Rockchip RK3588 (IoT) (Node 12)",
        "Rockchip RK3588 (IoT) (Node 13)",
        "Rockchip RK3588 (IoT) (Node 14)",
        "Nvidia Tegra X1 (IoT) (Node 15)"
    ],
    "computing_capacities": [
        0.014791076050782694,
        0.00585480093676815,
        0.0036977690126956736,
        1.0,
        0.00585480093676815,
        0.014791076050782694,
        0.014791076050782694,
        0.014791076050782694,
        0.0036977690126956736,
        0.0036977690126956736,
        0.00585480093676815,
        0.00585480093676815,
        0.014791076050782694,
        0.014791076050782694,
        0.014791076050782694,
        0.0036977690126956736
    ],
    "peer_bandwidth_gbps": [
        [
            1000.0,
            0.004774316172327755,
            0.0018317947793854712,
            0.002835587154681741,
            0.005925281569524476,
            0.003617430811061003,
            0.0017652137926048852,
            0.01120038545768004,
            0.01120038545768004,
            0.01120038545768004,
            0.01120038545768004,
            0.001018764174149132,
            0.001814213098409562,
            0.0017980995250650486,
            0.0035582659933872,
            0.004903289161948117
        ],
        [
            0.004774316172327755,
            1000.0,
            0.0018317947793854712,
            0.002835587154681741,
            0.004774316172327755,
            0.003617430811061003,
            0.0017652137926048852,
            0.004774316172327755,
            0.004774316172327755,
            0.004774316172327755,
            0.004774316172327755,
            0.001018764174149132,
            0.001814213098409562,
            0.0017980995250650486,
            0.0035582659933872,
            0.004774316172327755
        ],
        [
            0.0018317947793854712,
            0.0018317947793854712,
            1000.0,
            0.0018317947793854712,
            0.0018317947793854712,
            0.0018317947793854712,
            0.0017652137926048852,
            0.0018317947793854712,
            0.0018317947793854712,
            0.0018317947793854712,
            0.0018317947793854712,
            0.001018764174149132,
            0.001814213098409562,
            0.0017980995250650486,
            0.0018317947793854712,
            0.0018317947793854712
        ],
        [
            0.002835587154681741,
            0.002835587154681741,
            0.0018317947793854712,
            1000.0,
            0.002835587154681741,
            0.002835587154681741,
            0.0017652137926048852,
            0.002835587154681741,
            0.002835587154681741,
            0.002835587154681741,
            0.002835587154681741,
            0.001018764174149132,
            0.001814213098409562,
            0.0017980995250650486,
            0.002835587154681741,
            0.002835587154681741
        ],
        [
            0.005925281569524476,
            0.004774316172327755,
            0.0018317947793854712,
            0.002835587154681741,
            1000.0,
            0.003617430811061003,
            0.0017652137926048852,
            0.005925281569524476,
            0.005925281569524476,
            0.005925281569524476,
            0.005925281569524476,
            0.001018764174149132,
            0.001814213098409562,
            0.0017980995250650486,
            0.0035582659933872,
            0.004903289161948117
        ],
        [
            0.003617430811061003,
            0.003617430811061003,
            0.0018317947793854712,
            0.002835587154681741,
            0.003617430811061003,
            1000.0,
            0.0017652137926048852,
            0.003617430811061003,
            0.003617430811061003,
            0.003617430811061003,
            0.003617430811061003,
            0.001018764174149132,
            0.001814213098409562,
            0.0017980995250650486,
            0.0035582659933872,
            0.003617430811061003
        ],
        [
            0.0017652137926048852,
            0.0017652137926048852,
            0.0017652137926048852,
            0.0017652137926048852,
            0.0017652137926048852,
            0.0017652137926048852,
            1000.0,
            0.0017652137926048852,
            0.0017652137926048852,
            0.0017652137926048852,
            0.0017652137926048852,
            0.001018764174149132,
            0.0017652137926048852,
            0.0017652137926048852,
            0.0017652137926048852,
            0.0017652137926048852
        ],
        [
            0.01120038545768004,
            0.004774316172327755,
            0.0018317947793854712,
            0.002835587154681741,
            0.005925281569524476,
            0.003617430811061003,
            0.0017652137926048852,
            1000.0,
            0.015980890024038463,
            0.01120038545768004,
            0.04907257417867137,
            0.001018764174149132,
            0.001814213098409562,
            0.0017980995250650486,
            0.0035582659933872,
            0.004903289161948117
        ],
        [
            0.01120038545768004,
            0.004774316172327755,
            0.0018317947793854712,
            0.002835587154681741,
            0.005925281569524476,
            0.003617430811061003,
            0.0017652137926048852,
            0.015980890024038463,
            1000.0,
            0.01120038545768004,
            0.015980890024038463,
            0.001018764174149132,
            0.001814213098409562,
            0.0017980995250650486,
            0.0035582659933872,
            0.004903289161948117
        ],
        [
            0.01120038545768004,
            0.004774316172327755,
            0.0018317947793854712,
            0.002835587154681741,
            0.005925281569524476,
            0.003617430811061003,
            0.0017652137926048852,
            0.01120038545768004,
            0.01120038545768004,
            1000.0,
            0.01120038545768004,
            0.001018764174149132,
            0.001814213098409562,
            0.0017980995250650486,
            0.0035582659933872,
            0.004903289161948117
        ],
        [
            0.01120038545768004,
            0.004774316172327755,
            0.0018317947793854712,
            0.002835587154681741,
            0.005925281569524476,
            0.003617430811061003,
            0.0017652137926048852,
            0.04907257417867137,
            0.015980890024038463,
            0.01120038545768004,
            1000.0,
            0.001018764174149132,
            0.001814213098409562,
            0.0017980995250650486,
            0.0035582659933872,
            0.004903289161948117
        ],
        [
            0.001018764174149132,
            0.001018764174149132,
            0.001018764174149132,
            0.001018764174149132,
            0.001018764174149132,
            0.001018764174149132,
            0.001018764174149132,
            0.001018764174149132,
            0.001018764174149132,
            0.001018764174149132,
            0.001018764174149132,
            1000.0,
            0.001018764174149132,
            0.001018764174149132,
            0.001018764174149132,
            0.001018764174149132
        ],
        [
            0.001814213098409562,
