{
  "rank": 5,
  "hostname": "ubuntu-2404-desktop-template",
  "hardware": {
    "hostname": "ubuntu-2404-desktop-template",
    "architecture": "x86_64",
    "cpu_cores": 32,
    "system_memory_mb": 128769,
    "gpu_available": true,
    "gpu_count": 1,
    "gpu_name": "NVIDIA L40S",
    "gpu_memory_mb": 45459,
    "compute_capability": "8.9",
    "nvidia_driver": "590.48.01"
  },
  "model": {
    "num_layers": 32,
    "embed_dim": 4096,
    "num_heads": 32,
    "d_ff": 11008,
    "seq_len": 512
  },
  "layer_profile": {
    "1": {
      "latency_ms_mean": 29.704663797747344,
      "latency_ms_p50": 29.70145846484229,
      "latency_ms_p90": 29.716116772033274,
      "latency_ms_std": 0.03214836886923032,
      "tokens_per_sec": 17236.350611004982,
      "steps": 20.0,
      "estimated_total_latency_ms": 950.549241527915,
      "estimated_model_tokens_per_sec": 538.6359565939057,
      "num_layers": 32.0
    },
    "2": {
      "latency_ms_mean": 58.13216484384611,
      "latency_ms_p50": 58.1328115076758,
      "latency_ms_p90": 58.153136260807514,
      "latency_ms_std": 0.020345064088381926,
      "tokens_per_sec": 17615.03296411988,
      "steps": 20.0,
      "estimated_total_latency_ms": 1860.2292750030756,
      "estimated_model_tokens_per_sec": 550.4697801287463,
      "num_layers": 32.0
    },
    "4": {
      "latency_ms_mean": 116.00589425652288,
      "latency_ms_p50": 115.98662100732327,
      "latency_ms_p90": 116.08776944922283,
      "latency_ms_std": 0.05797280571238879,
      "tokens_per_sec": 17654.2753549339,
      "steps": 20.0,
      "estimated_total_latency_ms": 3712.188616208732,
      "estimated_model_tokens_per_sec": 551.6961048416844,
      "num_layers": 32.0
    }
  },
  "network": {
    "10.203.54.11:5201": {
      "ok": true,
      "method": "iperf3",
      "peer": "10.203.54.11:5201",
      "bandwidth_mbps": 1047.8819997422602,
      "attempts": 1,
      "latency_ok": true,
      "latency_method": "ping",
      "latency_peer": "10.203.54.11:5201",
      "latency_ms_mean": 25.766,
      "latency_ms_p50": 25.766,
      "latency_ms_p90": 26.003,
      "latency_ms_std": 0.19,
      "latency_ms_min": 25.327,
      "latency_ms_max": 26.003,
      "latency_samples": 8
    },
    "10.203.54.10:5201": {
      "ok": true,
      "method": "iperf3",
      "peer": "10.203.54.10:5201",
      "bandwidth_mbps": 979.3419855802957,
      "attempts": 1,
      "latency_ok": true,
      "latency_method": "ping",
      "latency_peer": "10.203.54.10:5201",
      "latency_ms_mean": 25.701,
      "latency_ms_p50": 25.701,
      "latency_ms_p90": 26.141,
      "latency_ms_std": 0.286,
      "latency_ms_min": 25.308,
      "latency_ms_max": 26.141,
      "latency_samples": 8
    },
    "10.203.53.10:5201": {
      "ok": true,
      "method": "iperf3",
      "peer": "10.203.53.10:5201",
      "bandwidth_mbps": 17430.29308887932,
      "attempts": 1,
      "latency_ok": true,
      "latency_method": "ping",
      "latency_peer": "10.203.53.10:5201",
      "latency_ms_mean": 0.741,
      "latency_ms_p50": 0.741,
      "latency_ms_p90": 1.091,
      "latency_ms_std": 0.202,
      "latency_ms_min": 0.521,
      "latency_ms_max": 1.091,
      "latency_samples": 8
    },
    "10.203.56.10:5201": {
      "ok": true,
      "method": "iperf3",
      "peer": "10.203.56.10:5201",
      "bandwidth_mbps": 908.2380132385045,
      "attempts": 1,
      "latency_ok": true,
      "latency_method": "ping",
      "latency_peer": "10.203.56.10:5201",
      "latency_ms_mean": 28.846,
      "latency_ms_p50": 28.846,
      "latency_ms_p90": 29.183,
      "latency_ms_std": 0.194,
      "latency_ms_min": 28.427,
      "latency_ms_max": 29.183,
      "latency_samples": 8
    },
    "10.203.56.12:5201": {
      "ok": true,
      "method": "iperf3",
      "peer": "10.203.56.12:5201",
      "bandwidth_mbps": 957.4001990261751,
      "attempts": 1,
      "latency_ok": true,
      "latency_method": "ping",
      "latency_peer": "10.203.56.12:5201",
      "latency_ms_mean": 28.739,
      "latency_ms_p50": 28.739,
      "latency_ms_p90": 29.032,
      "latency_ms_std": 0.276,
      "latency_ms_min": 28.125,
      "latency_ms_max": 29.032,
      "latency_samples": 8
    },
    "10.203.57.14:5201": {
      "ok": true,
      "method": "iperf3",
      "peer": "10.203.57.14:5201",
      "bandwidth_mbps": 968.9696960535595,
      "attempts": 1,
      "latency_ok": true,
      "latency_method": "ping",
      "latency_peer": "10.203.57.14:5201",
      "latency_ms_mean": 25.636,
      "latency_ms_p50": 25.636,
      "latency_ms_p90": 25.863,
      "latency_ms_std": 0.192,
      "latency_ms_min": 25.26,
      "latency_ms_max": 25.863,
      "latency_samples": 8
    },
    "10.203.57.15:5201": {
      "ok": true,
      "method": "iperf3",
      "peer": "10.203.57.15:5201",
      "bandwidth_mbps": 962.418961600321,
      "attempts": 1,
      "latency_ok": true,
      "latency_method": "ping",
      "latency_peer": "10.203.57.15:5201",
      "latency_ms_mean": 25.766,
      "latency_ms_p50": 25.766,
      "latency_ms_p90": 25.946,
      "latency_ms_std": 0.219,
      "latency_ms_min": 25.21,
      "latency_ms_max": 25.946,
      "latency_samples": 8
    }
  },
  "timestamp_unix": 1773022986.3145337,
  "layer_profiles_by_mps": {
    "20": {
      "1": {
        "latency_ms_mean": 29.774503863882273,
        "latency_ms_p50": 29.77616706630215,
        "latency_ms_p90": 29.80402430985123,
        "latency_ms_std": 0.029372631088985454,
        "tokens_per_sec": 17195.920453978666,
        "steps": 20.0,
        "estimated_total_latency_ms": 952.7841236442327,
        "estimated_model_tokens_per_sec": 537.3725141868333,
        "num_layers": 32.0
      },
      "2": {
        "latency_ms_mean": 58.16569373710081,
        "latency_ms_p50": 58.17107349867001,
        "latency_ms_p90": 58.2080693799071,
        "latency_ms_std": 0.051291763357092686,
        "tokens_per_sec": 17604.878996686748,
        "steps": 20.0,
        "estimated_total_latency_ms": 1861.302199587226,
        "estimated_model_tokens_per_sec": 550.1524686464609,
        "num_layers": 32.0
      },
      "4": {
        "latency_ms_mean": 115.99019475397654,
        "latency_ms_p50": 115.97400950267911,
        "latency_ms_p90": 116.08776102075353,
        "latency_ms_std": 0.06792435881951389,
        "tokens_per_sec": 17656.664896062583,
        "steps": 20.0,
        "estimated_total_latency_ms": 3711.6862321272492,
        "estimated_model_tokens_per_sec": 551.7707780019557,
        "num_layers": 32.0
      }
    },
    "50": {
      "1": {
        "latency_ms_mean": 29.839359421748668,
        "latency_ms_p50": 29.84944556374103,
        "latency_ms_p90": 29.871675022877753,
        "latency_ms_std": 0.04457279479316714,
        "tokens_per_sec": 17158.545287899997,
        "steps": 20.0,
        "estimated_total_latency_ms": 954.8595014959574,
        "estimated_model_tokens_per_sec": 536.2045402468749,
        "num_layers": 32.0
      },
      "2": {
        "latency_ms_mean": 58.10970309539698,
        "latency_ms_p50": 58.11084096785635,
        "latency_ms_p90": 58.137270831502974,
        "latency_ms_std": 0.032677757563325666,
        "tokens_per_sec": 17621.841886180857,
        "steps": 20.0,
        "estimated_total_latency_ms": 1859.5104990527034,
        "estimated_model_tokens_per_sec": 550.6825589431518,
        "num_layers": 32.0
      },
      "4": {
        "latency_ms_mean": 115.9577350364998,
        "latency_ms_p50": 115.96432246733457,
        "latency_ms_p90": 115.99468920612708,
        "latency_ms_std": 0.03933145969389384,
        "tokens_per_sec": 17661.60747582173,
        "steps": 20.0,
        "estimated_total_latency_ms": 3710.6475211679935,
        "estimated_model_tokens_per_sec": 551.925233619429,
        "num_layers": 32.0
      }
    },
    "70": {
      "1": {
        "latency_ms_mean": 29.704663797747344,
        "latency_ms_p50": 29.70145846484229,